id,month,site,Dilution,endpoint,treatment,rep,tag,micro,ana,cylindro,aphanizomenon_biovolume,aphanocapsa_biovolume,dolichospermum_biovolume,filamentous_biovolume,merismopedia_biovolume,microcystis_biovolume,Aulacoseira_cell/ml,Pennate diatoms_cell/ml,Centric diatom_cell/ml,Dinoflagellates_cell/ml,Unicellular greens_cell/ml,Colonial greens_cell/ml,Unidentified_cell/ml,Pediastrum_cell/ml,Desmodesmus_cell/ml,Chla,Phyco,srp,TN,TP,N-NO3,N-NH4,Inorganic_N ,N/P,temp,spc,sal,odo,ph,fdom rfu,
BA010,July,E,0,T0,B,X,Ju_T0_E_B_-,0.217,0.277,0.000,,,,,,,,,,,,,,,,1.41,0,0.001,0.8,0.039,0.08,0.12,0.2,0.011,28.501,1788.100,0.900,8.170,8.480,3.140,
BA011,July,E,0,T0,N,X,Ju_T0_E_N_-,0.217,0.277,0.000,,,,,,,,,,,,,,,,,,,,,,,,,34.626,1813.000,0.900,7.530,8.470,2.770,
BA012,July,E,0,T0,NP,X,Ju_T0_E_NP_-,0.217,0.277,0.000,,,,,,,,,,,,,,,,,,,,,,,,,28.435,1766.900,0.890,9.080,8.760,3.640,
BA013,July,E,0,T0,P,X,Ju_T0_E_P_-,0.217,0.277,0.000,,,,,,,,,,,,,,,,,,,,,,,,,31.974,1802.400,0.900,8.450,8.530,2.830,
BA014,July,PB,0,T0,B,Z,Ju_T0_PB_B_-,0.229,0.278,0.031,,,,,,,,,,,,,,,,88.62,3.61,0.62214,2,3.412,0.01,0.18,0.19,7.243,28.701,1161.500,0.570,14.020,8.980,13.280,
BA015,July,PB,0,T0,N,Z,Ju_T0_PB_N_-,0.229,0.278,0.031,,,,,,,,,,,,,,,,,,,,,,,,,32.327,1171.000,0.570,18.110,9.180,11.880,
BA016,July,PB,0,T0,NP,Z,Ju_T0_PB_NP_-,0.229,0.278,0.031,,,,,,,,,,,,,,,,,,,,,,,,,29.195,1153.100,0.570,14.960,9.370,12.580,
BA017,July,PB,0,T0,P,Z,Ju_T0_PB_P_-,0.229,0.278,0.031,,,,,,,,,,,,,,,,,,,,,,,,,34.139,1255.500,0.610,12.980,9.110,13.350,
BA018,July,W,0,T0,B,Z,Ju_T0_W_B_-,0.257,0.389,0.000,,,,,,,,,,,,,,,,1.4,0,0.02019,0,0.000,0.06,0.16,0.22,0.203,29.421,1823.800,0.920,8.250,8.460,3.420,
BA019,July,W,0,T0,N,Z,Ju_T0_W_N_-,0.257,0.389,0.110,,,,,,,,,,,,,,,,,,,,,,,,,34.990,1841.800,0.920,8.070,8.420,3.170,
BA020,July,W,0,T0,NP,Z,Ju_T0_W_NP_-,0.257,0.389,0.000,,,,,,,,,,,,,,,,,,,,,,,,,32.578,1833.000,0.920,8.750,8.500,3.510,
BA021,July,W,0,T0,P,Z,Ju_T0_W_P_-,0.257,0.389,0.000,,,,,,,,,,,,,,,,,,,,,,,,,34.764,1837.400,0.920,8.460,8.480,3.030,
BA022,July,E,0,T1,B,X,Ju_T1_E_B_X,0.243,0.141,0.022,0,0,0,2233.294634,0,0,0,0,8.062435501,0,810.2747678,116.9053148,4.03121775,0,0,3.15,0,0.001,1.67,1.380,0.04,0.12,0.16,0.014,,,,,,,
BA023,July,E,0,T1,N,X,Ju_T1_E_N_X,0.116,0.113,0.000,0,0,0,2233.294634,0,50817.53096,0,0,0,0,350.7159443,181.4047988,0,0,0,,,,,,,,,,,,,,,,
BA024,July,E,0,T1,NP,X,Ju_T1_E_NP_X,0.613,0.276,0.013,0,0,85760.12642,11166.47317,0,27718.65325,161.24871,8.062435501,8.062435501,0,1310.145769,262.0291538,4.03121775,0,56.4370485,,,,,,,,,,,,,,,,
BA025,July,E,0,T1,P,X,Ju_T1_E_P_X,0.611,0.713,0.008,0,0,0,0,0,27718.65325,40.3121775,0,12.09365325,0,532.120743,104.8116615,16.124871,32.249742,16.124871,,,,,,,,,,,,,,,,
BA026,July,PB,0,T1,B,X,Ju_T1_PB_B_X,0.707,0.393,0.001,1688080.495,1362229.102,11975232.2,6217492.26,102167.1827,0,1031.991744,257.997936,0,0,8384.932921,1934.98452,1418.988648,4256.965944,7997.936017,67.84,2.93,0.23011,2.6,2.270,0,0.038,0.038,13.396,28.882,1199.100,0.590,10.430,9.060,12.890,
BA027,July,PB,0,T1,N,X,Ju_T1_PB_N_X,0.318,0.491,0.006,0,1453044.376,8981424.149,12792311.66,123839.0093,542053.6636,3740.970072,257.997936,128.998968,0,3740.970072,4772.961816,386.996904,1547.987616,5933.952528,,,,,,,,,,32.922,1164.600,0.570,14.680,9.180,11.130,
BA028,July,PB,0,T1,NP,X,Ju_T1_PB_NP_X,0.385,0.153,0.007,3161801.563,1284387.439,22025873.51,367536.4883,0,0,4275.394368,442.282176,73.713696,73.713696,1916.556096,5897.09568,0,1474.27392,7297.655904,,,,,,,,,,28.261,1002.100,0.520,10.450,9.800,9.630,
BA029,July,PB,0,T1,P,X,Ju_T1_PB_P_X,0.315,0.119,0.000,666895.9982,90815.27348,9258628.598,381148.9508,40591.67527,372319.6881,2293.314987,57.33287467,171.998624,0,2579.97936,5446.623094,0,229.3314987,7051.943584,,,,,,,,,,,,,,,,
BA030,July,W,0,T1,B,X,Ju_T1_W_B_X,0.445,0.044,0.001,0,0,0,2233.294634,0,0,0,0,0,0,0,20.15608875,32.249742,0,16.124871,3.73,0,0.00627,1.48,0.178,0.05,0.18,0.23,0.060,28.765,1818.500,0.910,8.160,8.480,3.420,
BA031,July,W,0,T1,N,X,Ju_T1_W_N_X,0.219,0.121,0.516,0,0,0,0,0,0,0,0,0,0,0,0,0,0,0,,,,,,,,,,32.692,1835.400,0.920,7.960,8.480,3.260,
BA032,July,W,0,T1,NP,X,Ju_T1_W_NP_X,0.585,0.084,0.901,0,0,0,2233.294634,0,24638.80289,0,0,16.124871,0,1515.737874,330.5598555,0,0,16.124871,,,,,,,,,,28.821,1817.600,0.910,8.440,8.580,2.830,
BA033,July,W,0,T1,P,X,Ju_T1_W_P_X,0.324,0.126,0.656,0,0,0,2233.294634,0,6159.700722,0,4.03121775,4.03121775,0,532.120743,165.2799278,0,161.24871,16.124871,,,,,,,,,,32.706,1834.300,92.000,8.280,8.520,3.330,
BA034,July,E,0,T1,B,Y,Ju_T1_E_B_Y,0.354,0.198,0.668,0,0,0,4466.589267,0,284886.1584,8.062435501,0,0,0,443.4339525,84.65557276,0,0,0,3.95,0,0.00627,1.06,0.131,0.05,0.12,0.17,0.082,27.956,1786.800,0.900,8.290,8.470,3.000,
BA035,July,E,0,T1,N,Y,Ju_T1_E_N_Y,0.437,0.338,0.407,0,0,0,0,0,0,0,0,0,0,886.8679051,169.3111455,0,0,0,,,,,,,,,,31.418,1803.500,0.900,8.070,8.470,2.810,
BA036,July,E,0,T1,NP,Y,Ju_T1_E_NP_Y,0.465,0.538,0.031,73267.38261,0,0,4466.589267,0,0,12.09365325,8.062435501,0,0,1451.23839,181.4047988,0,0,8.062435501,,,,,,,,,,28.585,1788.300,0.900,8.480,8.560,3.420,
BA037,July,E,0,T1,P,Y,Ju_T1_E_P_Y,0.193,0.472,0.020,,,,,,,,,,,,,,,,,,,,,,,,,30.845,1795.700,0.900,8.710,8.530,2.950,
BA038,July,PB,0,T1,B,Y,Ju_T1_PB_B_Y,,0.069,,0,653869.969,37821775.03,343034.0557,59442.72446,0,0,0,309.5975232,0,4024.767802,5366.357069,0,1857.585139,9907.120743,67.24,2.81,0.2394,2.3,2.209,0.01,0.05,0.06,8.826,29.044,1200.800,0.590,10.870,9.050,13.300,
BA039,July,PB,0,T1,N,Y,Ju_T1_PB_N_Y,0.316,0.206,0.022,0,469212.2463,8981424.149,95287.2377,143962.8483,0,2665.978672,0,0,0,2407.980736,7653.938768,0,1375.988992,9115.927073,,,,,,,,,,31.260,1150.400,0.560,16.440,9.200,11.320,
BA040,July,PB,0,T1,NP,Y,Ju_T1_PB_NP_Y,0.179,0.322,0.078,1661285.567,324340.2624,10050641.31,204186.9379,90225.56391,0,2874.834144,0,73.713696,73.713696,5086.245024,16069.58573,0,2948.54784,11720.47766,,,,,,,,,,29.468,1078.400,0.530,10.070,9.610,10.660,
BA041,July,PB,0,T1,P,Y,Ju_T1_PB_P_Y,0.255,0.000,0.102,0,709057.7122,806025.2441,263872.3506,19052.15528,0,2103.675478,0,79.38398031,0,2738.747321,4961.49877,0,1746.447567,3611.971104,,,,,,,,,,31.110,1236.100,0.610,11.710,9.140,13.060,
BA042,July,W,0,T1,B,Y,Ju_T1_W_B_Y,0.493,0.000,0.060,,,,,,,,,,,,,,,,3.62,0,0.001,0.03,0.000,0.05,0.02,0.07,0.032,29.629,1823.500,0.920,7.890,8.430,2.950,
BA043,July,W,0,T1,N,Y,Ju_T1_W_N_Y,,0.190,,,,,,,,,,,,,,,,,,,,,,,,,,30.800,1832.400,0.920,8.160,8.470,3.450,
BA044,July,W,0,T1,NP,Y,Ju_T1_W_NP_Y,0.802,0.052,0.347,,,,,,,,,,,,,,,,,,,,,,,,,,,,,,,
BA045,July,W,0,T1,P,Y,Ju_T1_W_P_Y,0.617,0.282,0.656,,,,,,,,,,,,,,,,,,,,,,,,,31.311,1828.200,0.920,8.480,8.510,3.420,
BA058,July,E,0,T2,B,X,Ju_T2_E_B_X,0.746,0.113,0.004,,,,,,,,,,,,,,,,25.7072,0.403745318,0.00045,0.68,0.073,0.03,0.03,0.06,0.017,28.501,1788.100,0.900,8.170,8.480,3.140,
BA059,July,E,0,T2,N,X,Ju_T2_E_N_X,0.476,0.001,0.003,0,15963.62229,0,42432.59804,386.996904,0,56.4370485,28.21852425,12.09365325,,689.3382353,60.46826625,157.2174923,0,80.62435501,25.7072,0.492509363,0.00757,1.43,0.061,0.4,0.46,0.86,251.313,28.602,1791.300,0.900,8.210,8.450,2.980,
BA060,July,E,0,T2,NP,X,Ju_T2_E_NP_X,0.620,0.027,0.039,0,100782.8035,3030317.904,69722.36905,0,67305.99814,88.0968562,0,12.58526517,0,1648.669737,692.1895844,151.0231821,100.6821214,893.5538272,105.3958,15.69213483,0.1358,1.68,0.674,0.58,0.43,1.01,16.453,0.000,0.000,0.000,0.000,0.000,0.000,
BA061,July,E,0,T2,P,X,Ju_T2_E_P_X,0.269,0.642,0.025,0,0,0,0,0,0,0,0,0,0,104.8116615,60.46826625,0,0,0,17.134,25.77940075,0.10048,0.65,0.458,,0.03,0,0.000,29.425,1791.600,0.900,8.290,8.530,2.980,
BA062,July,PB,0,T2,B,X,Ju_T2_PB_B_X,0.321,0.607,0.012,8377880.977,3133126.935,38753181.97,476436.1885,124871.001,0,2923.976608,0,0,171.998624,4815.961472,3611.971104,0,1375.988992,9975.920193,115.0906,0.581273408,0.15005,2.76,2.503,0,0.03,0.03,11.064,28.882,1199.100,0.590,10.430,9.060,12.890,
BA063,July,PB,0,T2,N,X,Ju_T2_PB_N_X,0.241,0.338,0.009,4126418.989,2194702.442,23950464.4,381148.9508,148606.8111,0,1547.987616,171.998624,343.997248,171.998624,3783.969728,15479.87616,687.994496,4299.9656,11695.90643,304.9976,0.098501873,0.00757,3.47,2.719,0.0201,0.22,0.2401,70.163,29.047,1113.100,0.550,12.770,9.250,10.700,
BA064,July,PB,0,T2,NP,X,Ju_T2_PB_NP_X,0.470,0.048,0.012,0,261093.9112,0,89331.78535,49342.10526,0,1257.739938,64.499484,96.74922601,0,1418.988648,2483.230134,0,2192.982456,2225.232198,294.1564,0.857303371,0.03963,3.46,2.743,0.0113,0.43,0.4413,24.633,31.435,1125.600,0.550,12.760,9.280,11.570,
BA065,July,PB,0,T2,P,X,Ju_T2_PB_P_X,0.391,0.001,0.031,4220201.238,4563467.492,11975232.2,71465.42828,12383.90093,0,2063.983488,0,0,0,3611.971104,3998.968008,515.995872,1934.98452,6965.944272,116.2246,0.689513109,0.23554,2.72,2.960,0.0142,0.07,0.0842,0.791,29.922,1211.700,0.600,11.390,9.130,12.720,
BA066,July,W,0,T2,B,X,Ju_T2_W_B_X,0.453,0.001,0.003,0,0,101352.8767,15633.06244,0,0,0,0,8.062435501,0,479.7149123,133.0301858,0,16.124871,197.5296698,23.4268,0.492509363,0.001,0.68,0.085,0.02,0.04,0.06,0.037,28.765,1818.500,0.910,8.160,8.480,3.420,
BA067,July,W,0,T2,N,X,Ju_T2_W_N_X,0.531,0.048,0.005,0,1418.988648,0,26799.5356,0,95475.3612,0,4.03121775,4.03121775,0,661.119711,374.9032508,16.124871,0,120.9365325,13.4206,0.679775281,0.00627,1.79,0.033,0.44,0.41,0.85,299.892,29.053,1822.800,0.900,8.160,8.460,3.410,
BA068,July,W,0,T2,NP,X,Ju_T2_W_NP_X,0.542,0.208,0.017,0,0,0,5197.485693,112.5809175,80636.08218,0,4.690871564,28.14522938,0,1608.968946,839.6660099,84.43568815,0,37.52697251,119.6762,0.975280899,0.06542,1.62,0.430,0.42,0.13,0.55,18.598,28.821,1817.600,0.910,8.440,8.580,2.830,
BA069,July,W,0,T2,P,X,Ju_T2_W_P_X,0.367,0.010,0.016,0,0,0,0,0,13859.32663,0,4.03121775,0,0,395.0593395,399.0905573,0,0,0,31.701,0.689513109,0.0895,0.63,0.358,0.009,0.13,0.139,3.436,29.293,1822.400,0.920,8.210,8.520,3.410,
BA070,July,E,0,T2,B,Y,Ju_T2_E_B_Y,0.449,0.001,0.032,0,0,0,6699.883901,0,9239.551084,40.3121775,0,4.03121775,0,677.244582,120.9365325,16.124871,0,177.373581,29.4206,0.571535581,0.001,0.64,0.021,0.03,0.02,0.05,0.044,27.956,1786.800,0.900,8.290,8.470,3.000,
BA071,July,E,0,T2,N,Y,Ju_T2_E_N_Y,0.453,0.116,0.029,0,0,23389.12539,0,0,53897.38132,0,0,4.03121775,0,600.6514448,96.74922601,0,0,12.09365325,28.8474,0.147191011,0.00401,0.53,0.000,0.4,0.61,1.01,557.173,28.708,1790.100,0.900,8.250,8.450,2.860,
BA072,July,E,0,T2,NP,Y,Ju_T2_E_NP_Y,0.469,0.001,0.002,0,0,0,8933.178535,0,10779.47626,0,0,20.15608875,0,717.5567595,620.8075335,0,0,0,83.6886,8.131835206,0.07238,0.55,0.000,0.41,0.15,0.56,17.115,28.585,1788.300,0.900,8.480,8.560,3.420,
BA073,July,E,0,T2,P,Y,Ju_T2_E_P_Y,0.522,0.001,0.104,0,0,0,0,0,7699.625903,56.4370485,4.03121775,4.03121775,0,1160.990712,350.7159443,0,0,16.124871,39.701,21.5741573,0.10018,0.02,0.000,0.0101,0.05,0.0601,1.327,30.247,1792.700,0.900,8.120,8.540,2.900,
BA074,July,PB,0,T2,B,Y,Ju_T2_PB_B_Y,0.274,0.001,0.005,0,1339525.284,49522574.82,142930.8566,133126.935,2858101.135,2837.977296,0,257.997936,0,3482.972136,3869.96904,515.995872,3611.971104,5159.95872,159.639,0.487640449,0.15589,1.78,0.000,0.01,0.05,0.06,5.748,29.044,1200.800,0.590,10.870,9.050,13.300,
BA075,July,PB,0,T2,N,Y,Ju_T2_PB_N_Y,0.246,0.009,0.022,2475851.393,3559958.72,30337254.9,571723.4262,136222.9102,0,1651.186791,619.1950464,309.5975232,0,6811.145511,16099.07121,0,2373.581011,15376.67699,221.907,0.117977528,0.00975,2.56,0.000,,0.08,0,0.000,30.947,1114.700,0.550,12.410,9.190,11.480,
BA076,July,PB,0,T2,NP,Y,Ju_T2_PB_NP_Y,0.216,0.578,0.028,0,693498.452,6032976.827,129937.1423,45595.2716,125433.9056,609.8133033,93.81743128,46.90871564,0,2298.527066,1688.713763,0,938.1743128,0,200.1874,1.054307116,0.08594,0,0.000,0.1776,0.14,0.3176,8.175,29.553,1143.500,0.560,12.070,9.380,11.850,
BA077,July,PB,0,T2,P,Y,Ju_T2_PB_P_Y,0.238,0.054,0.001,7202476.78,1026212.59,20058513.93,285861.7131,80495.35604,0,3302.373581,412.7966976,412.7966976,0,4231.166151,8152.734778,103.1991744,3199.174407,9184.726522,155.3524,7.12247191,0.21773,0,0.000,0.2027,0.775,0.9777,9.933,30.540,1214.700,0.600,9.970,9.150,12.050,
BA078,July,W,0,T2,B,Y,Ju_T2_W_B_Y,0.090,0.550,0.026,0,0,0,0,0,0,0,0,0,0,503.9022188,249.9355005,12.09365325,0,48.374613,9.4206,0.5,0.00045,0,0.000,0.04,0.1,0.14,0.007,30.797,1828.300,0.920,8.010,8.470,3.300,
BA079,July,W,0,T2,N,Y,Ju_T2_W_N_Y,0.159,0.218,0.001,0,0,0,15633.06244,0,24638.80289,0,0,12.09365325,0,443.4339525,298.3101135,12.09365325,0,8.062435501,7.1278,z,0.00045,0,0.000,0.45,0.82,1.27,6243.159,30.109,1826.600,0.920,7.950,8.470,3.390,
BA080,July,W,0,T2,NP,Y,Ju_T2_W_NP_Y,0.340,0.299,0.001,0,0,0,2233.294634,0,89315.66047,8.062435501,8.062435501,44.34339525,0,1185.178019,882.8366873,52.40583075,0,8.062435501,232.835,1.182022472,0.06456,0,0.000,0.42,0.22,0.64,21.930,31.268,1824.400,0.910,8.310,8.550,3.620,
BA081,July,W,0,T2,P,Y,Ju_T2_W_P_Y,0.474,0.092,0.001,0,0,0,0,0,52357.45614,8.062435501,4.03121775,12.09365325,0,705.4631063,294.2788958,0,0,76.59313725,17.134,0.635393258,0.09698,0.02,0.000,,0,0,0.000,29.764,1823.200,0.920,8.230,8.530,3.390,
BA094,July,E,0,T3,B,X,Ju_T3_E_B_X,0.256,0.034,0.007,0,0,0,0,0,0,24.1873065,4.03121775,72.5619195,0,237.8418473,92.71800826,0,0,0,,,,,,,,,,28.555,1784.600,0.900,8.100,8.340,2.550,
BA095,July,E,0,T3,N,X,Ju_T3_E_N_X,0.279,0.440,0.000,0,0,0,0,0,0,40.3121775,0,68.53070175,0,157.2174923,181.4047988,0,0,0,,,,,,,,,,29.652,1791.500,0.900,7.870,8.390,2.540,
BA096,July,E,0,T3,NP,X,Ju_T3_E_NP_X,0.539,0.385,0.076,0,0,19490.93782,0,0,70836.55831,48.374613,0,64.499484,0,374.9032508,548.245614,0,0,233.8106295,,,,,,,,,,28.435,1766.900,0.890,9.080,8.760,3.640,
BA097,July,E,0,T3,P,X,Ju_T3_E_P_X,0.403,0.823,0.022,0,0,0,0,0,0,0,4.03121775,20.15608875,0,193.498452,104.8116615,0,0,60.46826625,,,,,,,,,,29.507,1793.500,0.900,7.900,8.530,2.380,
BA098,July,PB,0,T3,B,X,Ju_T3_PB_B_X,0.323,0.473,0.091,10128482.97,2739594.083,65863777.09,381148.9508,53663.57069,0,5503.955968,687.994496,171.998624,0,3955.968352,5331.957344,0,1891.984864,6535.947712,,,,,,,,,,28.884,1117.400,0.550,10.280,9.260,11.340,
BA099,July,PB,0,T3,N,X,Ju_T3_PB_N_X,0.602,0.461,0.022,1406733.746,2031991.744,36798890.61,428792.5697,97523.21981,0,4256.965944,773.993808,0,0,1805.985552,7352.941176,0,0,7352.941176,,,,,,,,,,29.201,1079.700,0.530,9.540,9.470,10.990,
BA100,July,PB,0,T3,NP,X,Ju_T3_PB_NP_X,0.355,0.275,0.153,16130546.96,2656346.749,71851393.19,1715170.279,49535.60372,0,9545.923633,2321.981424,0,0,5933.952528,12383.90093,0,2063.983488,11351.90918,,,,,,,,,,28.261,1002.100,0.520,10.450,9.800,9.630,
BA101,July,PB,0,T3,P,X,Ju_T3_PB_P_X,0.215,0.155,0.051,21007223.94,4245614.035,30686532.51,571723.4262,94427.24458,0,4385.964912,515.995872,0,0,7997.936017,8513.931889,0,3095.975232,7481.940144,,,,,,,,,,29.049,1143.600,0.560,10.060,9.230,11.390,
BA102,July,W,0,T3,B,X,Ju_T3_W_B_X,0.367,0.000,0.010,0,0,0,0,483.74613,0,4.03121775,8.062435501,8.062435501,0,572.4329205,72.5619195,0,0,80.62435501,,,,,,,,,,28.148,1814.300,0.910,8.100,8.380,2.990,
BA103,July,W,0,T3,N,X,Ju_T3_W_N_X,0.618,0.378,0.001,0,0,66269.1886,0,0,66216.78277,0,0,8.062435501,0,447.4651703,177.373581,0,0,48.374613,,,,,,,,,,28.955,1822.800,0.920,7.990,8.410,3.060,
BA104,July,W,0,T3,NP,X,Ju_T3_W_NP_X,0.257,0.349,0.065,0,10356.12768,0,20060.4711,0,72619.62957,108.6307099,63.36791411,135.7883874,0,1683.776003,1928.195101,45.26279579,0,1520.829939,,,,,,,,,,28.005,1793.200,0.900,8.900,8.790,3.940,
BA105,July,W,0,T3,P,X,Ju_T3_W_P_X,0.032,0.144,0.025,0,0,62371.00103,0,0,6159.700722,16.124871,8.062435501,8.062435501,0,415.2154283,108.8428793,0,0,24.1873065,,,,,,,,,,29.503,1822.300,0.920,8.000,8.520,2.800,
BA106,July,E,0,T3,B,Y,Ju_T3_E_B_Y,0.249,0.129,0.003,0,0,0,0,0,0,8.062435501,0,4.03121775,0,157.2174923,137.0614035,20.15608875,0,40.3121775,,,,,,,,,,28.089,1782.300,0.900,8.040,8.380,2.650,
BA107,July,E,0,T3,N,Y,Ju_T3_E_N_Y,0.276,0.279,0.000,0,0,0,0,0,0,0,0,8.062435501,0,217.6857585,52.40583075,0,0,8.062435501,,,,,,,,,,28.624,1788.600,0.900,7.990,8.370,2.570,
BA108,July,E,0,T3,NP,Y,Ju_T3_E_NP_Y,0.407,0.385,0.026,0,42953.16989,0,0,0,253047.1648,111.566675,125.5125094,160.3770954,6.97291719,760.0479737,1568.906368,0,55.78333752,418.3750314,,,,,,,,,,28.208,947.700,0.460,8.220,8.700,3.540,
BA109,July,E,0,T3,P,Y,Ju_T3_E_P_Y,0.359,0.248,0.028,0,0,15592.75026,2233.294634,0,0,40.3121775,12.09365325,8.062435501,0,374.9032508,128.998968,0,0,64.499484,,,,,,,,,,29.186,1787.300,0.900,7.990,8.520,2.670,
BA110,July,PB,0,T3,B,Y,Ju_T3_PB_B_Y,0.106,0.593,0.008,2475851.393,399587.2033,51892672.86,457378.741,12383.90093,315376.677,2992.776058,206.3983488,206.3983488,103.1991744,5572.755418,4850.361197,0,0,4334.365325,,,,,,,,,,28.460,1119.500,0.550,10.470,9.250,11.040,
BA111,July,PB,0,T3,N,Y,Ju_T3_PB_N_Y,0.201,0.339,0.013,9659571.723,533539.7317,54761738.91,428792.5697,32507.73994,0,515.995872,0,128.998968,0,3353.973168,5417.956656,0,1547.987616,6707.946336,,,,,,,,,,29.066,1063.700,0.520,9.180,9.560,11.000,
BA112,July,PB,0,T3,NP,Y,Ju_T3_PB_NP_Y,0.249,0.000,0.050,9003095.975,3208806.33,54886480.91,1334021.328,87719.29825,5584795.322,6363.949088,171.998624,171.998624,0,5675.954592,7911.936705,0,3439.97248,2407.980736,,,,,,,,,,29.468,1078.400,0.530,10.070,9.610,10.660,
BA113,July,PB,0,T3,P,Y,Ju_T3_PB_P_Y,0.011,0.021,0.044,11378912.97,1922256.622,37921568.63,381148.9508,78431.37255,0,4471.964224,0,0,0,3955.968352,11695.90643,0,0,5847.953216,,,,,,,,,,29.099,1125.200,0.550,10.350,9.350,10.800,
BA114,July,W,0,T3,B,Y,Ju_T3_W_B_Y,0.303,0.000,0.031,,,,,,,,,,,,,,,,,,,,,,,,,29.629,1823.500,0.920,7.890,8.430,2.950,
BA115,July,W,0,T3,N,Y,Ju_T3_W_N_Y,0.534,0.000,0.006,,,,,,,,,,,,,,,,,,,,,,,,,28.852,1821.600,0.920,7.790,8.440,3.180,
BA116,July,W,0,T3,NP,Y,Ju_T3_W_NP_Y,0.726,0.033,0.072,,,,,,,,,,,,,,,,,,,,,,,,,29.270,1793.600,0.900,9.610,8.840,3.810,
BA117,July,W,0,T3,P,Y,Ju_T3_W_P_Y,0.230,0.000,0.011,,,,,,,,,,,,,,,,,,,,,,,,,28.716,1821.400,0.920,8.030,8.540,2.950,
BA203,August,E,0,T0,B,X,0,0.162,0.804,0.000,680789.6648,11772.35027,180182.8919,15881.20628,0,0,544.6623094,14.33321867,0,9.555479112,845.6599014,396.5523831,0,57.33287467,66.88835378,12.83,0.48,0.01143,0.729041807,0.000,0.0256,0.0384,0.064,0.395,29.375,1721.500,0.860,6.450,8.570,1.720,
BA204,August,E,0,T0,N,X,0,0.148,0.856,0.000,522375.8958,37344.59844,0,275175.2939,2980.23784,0,327.9226103,28.93434796,9.644782655,4.822391327,506.3510894,477.4167414,0,0,0,,,,,,,,,,29.264,1712.900,0.860,7.670,8.640,2.510,
BA207,August,PB,0,T0,B,X,0,0.189,1.005,0.001,12754385.96,408668.7307,13971104.23,400206.3983,39628.48297,0,1547.987616,412.7966976,206.3983488,0,16099.07121,2889.576883,0,0,2683.178535,159.01,7.28,0.00475,2.78820173,0.000,0.001,0.017,0.018,0.584,29.451,891.500,0.430,8.530,9.720,10.760,
BA208,August,PB,0,T0,N,X,0,0.106,0.762,0.013,675232.1981,563054.6956,16865118.68,628895.7688,12383.90093,0,3715.170279,7533.539732,722.3942208,103.1991744,14963.88029,7946.336429,0,3302.373581,2683.178535,,,,,,,,,,28.866,1232.300,0.610,8.890,10.190,8.900,
BA211,August,W,0,T0,B,X,0,0.111,0.733,0.000,37137770.9,0,0,0,0,0,773.993808,85.99931201,0,0,687.994496,0,0,0,0,9.06,1.52,0.02146,0.937124632,0.000,0.0248,0.0808,0.1056,0.450,31.720,1792.200,0.900,5.900,8.500,2.280,
BA212,August,W,0,T0,N,X,0,0.112,0.317,0.000,7890644.461,0,0,19714.6009,0,101953.6671,231.3084944,53.37888331,0,0,533.7888331,177.929611,0,0,0,,,,,,,,,,28.023,1077.400,0.530,6.390,8.550,2.580,
BA239,August,E,0,T1,B,X,0,0.091,0.444,0.001,1829710.832,0,0,35003.47507,1516.396032,144815.8211,800.3201281,21.061056,10.530528,0,1221.541248,1116.235968,0,0,200.080032,67.6,0.886516854,0.10188,,0.000,0.001,0.0774,0.0784,2.875,29.375,1721.500,0.860,6.450,8.570,1.720,
BA240,August,E,0,T1,N,X,0,0.117,0.739,0.001,434932.1727,18426.28737,36157.10205,12428.77014,2692.152376,31423.40079,643.1252898,7.478201044,22.43460313,0,1166.599363,1413.379997,0,134.6076188,142.0858198,143.6,1.419101124,0.05432,,,0.374,0.0749,0.4489,18.281,29.264,1712.900,0.860,7.670,8.640,2.510,
BA241,August,E,0,T1,NP,X,0,0.144,0.720,0.001,1006925.208,62136.76606,0,37613.3833,0,67432.51317,1507.2511,149.3672261,54.31535495,0,2186.193037,2091.141166,0,217.2614198,502.4170333,165.2,0.758801498,0.10188,,,0.0127,0.135,0.1477,3.207,28.932,1686.400,0.850,8.500,8.910,2.340,
BA242,August,E,0,T1,P,X,0,0.155,0.748,0.018,782877.9109,65808.16919,0,4142.923378,3410.059676,0,710.4290992,22.43460313,14.95640209,0,919.8187284,628.1688877,0,0,336.519047,338,2.167041199,0.10188,,,0.0146,0.0268,0.0414,0.899,29.003,1015.500,0.500,6.490,8.700,2.110,
BA243,August,PB,0,T1,B,X,0,0.104,1.182,0.001,15380288.96,2826625.387,34054566.56,428792.5697,12383.90093,0,1160.990712,0,0,0,3740.970072,1031.991744,0,0,3482.972136,358.6666667,3.458426966,0.01015,,0.000,0.001,0.15,0.151,0.149,29.451,891.500,0.430,8.530,9.720,10.760,
BA244,August,PB,0,T1,N,X,0,0.231,0.792,0.008,11253869.97,2143240.454,10877502.58,514551.0836,21052.63158,0,1444.788442,0,0,0,4437.564499,3302.373581,0,825.5933953,1651.186791,620.6666667,2.995131086,0.02714,,,0.0133,0.0465,0.0598,4.874,28.866,1232.300,0.610,8.890,10.190,8.900,
BA245,August,PB,0,T1,NP,X,0,0.201,1.080,0.001,7980016.887,342621.259,12791725.3,415798.8554,1125.809175,0,0,0,46.90871564,0,1829.43991,2955.249085,0,1501.0789,1501.0789,390,2.512359551,0.05432,,,0.0101,0.125,0.1351,5.502,31.329,1261.700,0.620,9.910,10.310,5.380,
BA246,August,PB,0,T1,P,X,0,0.126,0.794,0.007,22038828.69,1929824.561,27443240.45,142930.8566,24767.80186,0,1676.986584,128.998968,6320.949432,0,5417.956656,6320.949432,0,1031.991744,2579.97936,365.3333333,3.438951311,0.09509,,,0.0133,0.107,0.1203,2.799,28.710,781.200,0.380,10.220,9.810,11.300,
BA247,August,W,0,T1,B,X,0,0.124,0.713,0.009,679478.9415,0,0,35058.51198,0,0,457.581245,38.94308468,9.73577117,0,1022.255973,433.2418171,0,0,282.3373639,79.2,3.59588015,0.09169,0.852971541,0.000,0.001,0.093,0.094,2.158,31.720,1792.200,0.900,5.900,8.500,2.280,
BA248,August,W,0,T1,N,X,0,0.188,0.780,0.001,536317.2407,0,0,158563.919,0,55437.3065,628.869969,116.9053148,8.062435501,4.03121775,834.4620743,193.498452,0,0,96.74922601,1,1.172284644,0.12906,,,0.253,0.454,0.707,12.118,28.023,1077.400,0.530,6.390,8.550,2.580,
BA249,August,W,0,T1,NP,X,0,0.128,0.496,0.001,375128.999,0,0,71465.42828,0,0,1039.158353,121.8323587,7.166609334,14.33321867,1246.990024,609.1617934,0,0,85.99931201,96.4,5.64494382,0.0781,,,0.35,0.0564,0.4064,11.511,29.002,1765.000,0.870,7.100,8.790,2.510,
BA250,August,W,0,T1,P,X,0,0.092,0.644,0.001,1739234.45,10319.91744,0,25987.42846,0,0,281.4522938,35.18153673,0,0,885.4020077,486.6779248,0,0,70.36307346,1,0.975280899,0.01143,,,0.02,0.0862,0.1062,20.554,27.947,1762.000,0.890,6.290,8.580,1.270,
BA251,August,E,0,T1,B,Y,0,0.116,0.757,0.001,429693.217,170897.8328,0,31184.91416,0,0,1857.585139,159.4896332,9.381743128,0,422.1784408,562.9045877,0,0,168.8713763,65.6,2.236329588,0.0104965,,0.000,0.0124,0.001,0.0134,1.733,31.096,1742.200,0.870,6.440,8.580,2.080,
BA252,August,E,0,T1,N,Y,0,0.144,0.623,0.015,741828.1328,47448.4294,0,35331.22297,556.579817,0,1089.968808,23.19082571,34.78623856,0,539.1866977,573.9729363,0,0,208.7174314,150.4,0.394007491,0.0153455,,,0.2689,0.001,0.2699,38.908,30.030,1715.800,0.860,7.670,8.650,1.720,
BA253,August,E,0,T1,NP,Y,0,0.113,0.560,0.039,868719.7871,85238.89704,0,20060.4711,543.1535495,131406.9487,1538.935057,72.42047327,27.15767748,0,896.2033567,669.8893777,0,72.42047327,244.4190973,455.6,0.876779026,0.001,,,0.0219,0.0629,0.0848,187.590,27.134,1694.600,0.850,9.820,8.980,0.610,
BA254,August,E,0,T1,P,Y,0,0.139,0.715,0.001,2302515.925,0,0,9857.300452,0,37383.01128,1450.12633,0,26.68944166,0,427.0310665,427.0310665,0,177.929611,160.1366499,63.6,1.635580524,0.001,,,0.001,0.01,0.011,24.334,27.793,1195.500,0.590,6.480,8.690,2.300,
BA255,August,PB,0,T1,B,Y,0,0.203,0.787,0.011,6227141.383,2842518.06,23451496.39,1086274.51,0,157688.3385,1135.190918,412.7966976,103.1991744,0,5366.357069,2167.182663,0,1651.186791,2889.576883,72.66666667,2.531835206,0.001,4.488358102,0.000,0.0434,0.0639,0.1073,0.021,28.679,804.400,0.390,9.120,9.730,10.860,
BA256,August,PB,0,T1,N,Y,0,0.124,0.630,0.015,19881836.95,4211558.308,16840170.28,1143446.852,80495.35604,0,2063.983488,1031.991744,515.995872,0,23090.81527,5933.952528,0,2708.978328,3869.96904,496,3.290636704,0.0250435,4.25847221,0.000,0.012,0.001,0.013,1.148,29.217,1230.300,0.610,9.890,10.240,8.460,
BA257,August,PB,0,T1,NP,Y,0,0.170,0.378,0.001,13317079.46,4745098.039,13721620.23,1000515.996,185758.5139,0,7997.936017,4385.964912,1031.991744,0,27863.77709,15221.87822,0,1031.991744,3611.971104,609.3333333,4.088389513,0.001,,,0.028,0.305,0.333,0.000,29.700,1243.900,0.610,10.430,10.420,8.510,
BA258,August,PB,0,T1,P,Y,0,0.118,0.604,0.005,21757481.94,4563467.492,39917440.66,1286377.709,83591.33127,788441.6925,2837.977296,4901.960784,515.995872,257.997936,13415.89267,6707.946336,0,2063.983488,2837.977296,356.6666667,4.039700375,0.11887,4.208151728,0.000,0.1785,0.137,0.3155,5.871,27.762,1235.800,0.610,9.200,9.860,10.780,
BA259,August,W,0,T1,B,Y,0,0.078,0.753,0.001,1744106.255,0,0,74249.79561,0,0,696.9294895,26.80498037,33.50622546,6.701245091,830.9543913,341.7634997,0,0,67.01245091,77.2,1.537078652,0.00809,,0.000,0.001,0.0186,0.0196,0.913,29.936,1068.800,6.520,6.350,8.560,2.270,
BA260,August,W,0,T1,N,Y,0,0.071,0.676,0.014,697850.2701,0,25682.1769,100892.3693,455.2904753,0,239.0274995,18.97043647,11.38226188,7.588174589,633.6125782,314.9092454,0,45.52904753,37.94087294,62.4,1.921348315,0.06451,1.472075061,0.000,0.451,0.334,0.785,26.919,27.778,1051.900,0.540,6.410,8.540,2.660,
BA261,August,W,0,T1,NP,Y,0,0.168,0.694,0.001,1494832.223,0,0,95287.2377,0,0,1031.991744,242.3616975,15.63623855,0,1016.355506,648.9038997,0,0,218.9073397,118,0.64082397,0.02714,1.508828747,0.000,0.387,0.198,0.585,47.683,28.594,1756.100,0.880,7.110,8.750,2.870,
BA262,August,W,0,T1,P,Y,0,0.139,0.760,0.001,1090218.653,0,0,17866.35707,0,12319.40144,403.121775,52.40583075,12.09365325,4.03121775,681.2757998,92.71800826,0,0,32.249742,67.2,1.999812734,0.001,,,0.0562,0.001,0.0572,126.535,28.324,1766.200,0.890,6.330,8.580,2.610,
BA300,October,E,0,Field,F,X,Oc_T0_E_X,0.385,0.542,0.000,,,,,,,,,,,,,,,,5.39,0,,,,,,,,,,,,,,
BA301,October,PB,0,Field,F,X,Oc_T0_PB_X,0.395,0.457,0.015,,,,,,,,,,,,,,,,47.18,2.11,,,,,,,,,,,,,,
BA302,October,W,0,Field,F,X,Oc_T0_W_X,0.387,0.393,0.011,,,,,,,,,,,,,,,,2.93,0,,,,,,,,,,,,,,
BA303,October,E,0,T0,B,X,Oc_T0_E_Y,0.461,0.000,0.000,,,,,,,,,,,,,,,,,,0.0492885,0,0.000,0.459,0.253,0.712,0.153,10.160,1675.900,0.850,8.970,8.500,5.120,
BA304,October,E,0,T0,N,X,Oc_T0_PB_Y,0.314,0.242,0.026,,,,,,,,,,,,,,,,,,,,,,,,,8.890,1188.500,0.840,9.230,8.650,4.170,
BA307,October,PB,0,T0,B,X,Oc_T0_PB_Z,0.532,0.508,0.020,0,1829279.08,0,898422.5269,24767.80186,1126345.275,1621.701312,368.56848,294.854784,147.427392,4201.680672,8624.502433,0,0,5012.531328,,,0.0347415,0,0.000,0.0115,0.001,0.0125,6.148,9.700,1272.300,0.640,9.120,9.010,11.420,
BA308,October,PB,0,T0,N,X,Oc_T0_W_Z,0.352,0.492,0.000,0,707061.7721,498968.0083,571723.4262,93763.82132,337903.5825,294.854784,73.713696,221.141088,0,2874.834144,5602.240896,0,3685.6848,5381.099808,,,,,,,,,,11.800,1255.500,0.630,9.860,9.190,10.760,
BA311,October,W,0,T0,B,X,Oc_T0_E_-,0.310,0.483,0.000,,,,,,,,,,,,,,,,,,0.01522,0,0.000,0.226,0.209,0.435,0.077,9.700,1711.800,0.870,9.130,8.530,4.620,
BA312,October,W,0,T0,N,X,Oc_T0_E_-,0.372,0.313,0.000,,,,,,,,,,,,,,,,,,,,,,,,,11.800,1710.000,0.870,9.000,8.610,3.830,
BA339,October,E,0,T1,B,X,Oc_T1_PB_NP_Y,0.410,0.435,0.004,0,0,0,26799.5356,0,0,88.68679051,12.09365325,0,0,802.2123323,326.5286378,0,0,64.499484,23.8,2.04906367,0.04468,1.29,0.000,0.258,0.0968,0.3548,0.279,10.164,1675.900,0.850,8.970,8.500,5.120,
BA340,October,E,0,T1,N,X,Oc_T1_PB_P_Y,0.426,0.439,0.006,0,0,31185.50052,8933.178535,193.498452,67756.70795,60.46826625,8.062435501,48.374613,0,1217.427761,661.119711,0,0,24.1873065,27.2,0.394007491,0.01375,1.84,0.111,0.629,0.434,1.063,171.019,10.131,1188.500,0.840,9.230,8.650,4.170,
BA341,October,E,0,T1,NP,X,Oc_T1_W_B_Y,0.000,0.526,0.001,0,0,319651.3803,4466.589267,0,129353.7152,4.03121775,4.03121775,4.03121775,0,999.7420021,419.246646,0,0,84.65557276,65,0.876779026,0.12822,1.58,0.231,0.618,0.188,0.806,13.906,9.448,1661.700,0.840,9.440,8.740,4.580,
BA342,October,E,0,T1,P,X,Oc_T1_W_N_Y,0.376,0.537,0.009,0,0,0,4466.589267,0,0,24.1873065,20.15608875,12.09365325,0,536.1519608,338.622291,0,48.374613,0,25.4,1.172284644,0.15606,1.1,0.102,0.264,0.102,0.366,5.188,9.609,1662.800,0.840,9.080,8.540,5.140,
BA343,October,PB,0,T1,B,X,Oc_T1_W_NP_Y,0.495,0.326,0.001,562693.4985,1362229.102,3492776.058,714654.2828,66563.46749,960913.3127,64.499484,128.998968,64.499484,0,2257.48194,4579.463364,0,2321.981424,2450.980392,135.5,2.058801498,0.01065,1.48,0.000,0.0132,0.001,0.0142,1.659,11.442,1272.300,0.640,9.120,9.010,11.420,
BA344,October,PB,0,T1,N,X,Oc_T1_W_P_Y,0.443,0.339,0.018,0,2009287.926,1372162.023,1000515.996,180340.5573,689886.4809,0,1160.990712,257.997936,128.998968,5159.95872,10964.91228,0,1031.991744,7739.93808,296,1.152808989,0.01065,2.1,0.304,0.011,0.0104,0.0214,4.445,11.616,1255.500,0.630,9.860,9.190,10.760,
BA345,October,PB,0,T1,NP,X,Oc_T1_E_B_Z,0.373,0.388,0.005,0,2270381.837,1496904.025,2644220.846,148606.8111,2858101.135,0,0,0,0,2966.976264,15737.8741,0,2063.983488,7094.94324,241.5,1.512172285,0.01065,2.09,0.000,0.0151,0.0384,0.0535,11.113,12.874,1257.700,0.030,9.810,9.280,10.610,
BA346,October,PB,0,T1,P,X,Oc_T1_E_N_Z,0.372,0.251,0.005,1969427.245,1017887.857,0,357327.1414,12383.90093,394220.8462,515.995872,0,0,0,1031.991744,4299.9656,0,1031.991744,2751.977984,81.5,0.679775281,0.088,1.77,0.000,0.0149,0.001,0.0159,0.400,11.506,1295.600,0.650,9.320,9.140,11.750,
BA347,October,W,0,T1,B,X,Oc_T1_E_NP_Z,0.425,0.406,0.001,0,0,11694.56269,4466.589267,0,0,8.062435501,4.03121775,0,0,495.8397833,249.9355005,0,0,16.124871,17.2,2.413857678,0.01684,1.06,0.059,0.211,0.0735,0.2845,0.131,9.731,1711.800,0.870,9.130,8.530,4.620,
BA348,October,W,0,T1,N,X,Oc_T1_E_P_Z,0.369,0.415,0.010,0,0,0,8933.178535,0,50817.53096,12.09365325,4.03121775,20.15608875,0,943.3049536,636.9324045,0,0,48.374613,20.8,0.778277154,0.00756,1.8,0.000,0.592,0.353,0.945,276.518,11.265,1710.000,0.870,9.000,8.610,3.830,
BA349,October,W,0,T1,NP,X,Oc_T1_PB_B_Z,0.378,0.353,0.005,64475.2967,0,0,2233.294634,0,0,0,0,4.03121775,0,161.24871,96.74922601,0,0,8.062435501,15.2,1.349812734,0.10656,1.78,0.000,0.549,0.478,1.027,21.320,11.317,1706.600,0.870,8.910,8.510,4.260,
BA350,October,W,0,T1,P,X,Oc_T1_PB_N_Z,0.436,0.475,0.013,0,0,0,6699.883901,0,24638.80289,4.03121775,8.062435501,4.03121775,0,419.246646,193.498452,0,0,0,17.2,0.679775281,0.14987,1.22,0.000,0.258,0.126,0.384,5.668,11.809,1674.400,0.850,8.840,8.380,3.930,
BA351,October,E,0,T1,B,Y,Oc_T1_PB_NP_Z,0.444,0.361,0.013,120158.5075,0,0,2233.294634,0,0,32.249742,36.28095975,24.1873065,0,1011.835655,358.7783798,0,16.124871,16.124871,32.8,0.867041199,0.04401,1.25,0.000,0.0943,0.0679,0.1622,0.600,8.987,1662.100,0.840,9.550,8.760,4.440,
BA352,October,E,0,T1,N,Y,Oc_T1_PB_P_Z,0.416,0.443,0.001,0,0,0,0,0,0,96.74922601,16.124871,16.124871,0,870.7430341,366.8408153,0,0,56.4370485,29.6,1.753558052,0.01065,1.98,0.000,0.64,0.302,0.942,195.666,11.184,1650.300,0.840,9.080,8.710,4.150,
BA353,October,E,0,T1,NP,Y,Oc_T1_W_B_Z,0.533,0.442,0.001,0,0,0,6699.883901,0,0,44.34339525,16.124871,16.124871,0,475.6836945,181.4047988,0,0,64.499484,21.8,1.073782772,0.15606,2.17,0.000,0.649,0.911,1.56,22.113,11.344,1675.500,0.840,8.910,8.520,4.320,
BA354,October,E,0,T1,P,Y,Oc_T1_W_N_Z,0.000,0.695,0.001,216871.4525,0,0,8933.178535,0,21558.95253,4.03121775,4.03121775,20.15608875,0,366.8408153,310.4037668,0,0,20.15608875,18.8,1.861797753,0.16225,1.29,0.000,0.259,0.081,0.34,4.636,9.377,1598.000,0.810,9.100,8.380,4.940,
BA355,October,PB,0,T1,B,Y,Oc_T1_W_NP_Z,0.344,0.373,0.005,0,1725490.196,1496904.025,1143446.852,167182.6625,854145.1668,171.998624,85.99931201,85.99931201,0,1719.98624,7911.936705,0,687.994496,1719.98624,141,0.482771536,0.02612,1.63,0.248,0.001,0.0231,0.0241,2.398,12.620,1269.900,6.650,8.690,9.120,11.820,
BA356,October,PB,0,T1,N,Y,Oc_T1_W_P_Z,0.514,0.355,0.001,0,1256277.95,582129.343,762297.9016,49535.60372,2496732.026,429.99656,0,85.99931201,0,5073.959408,12297.90162,0,0,4127.966976,230.5,1.664794007,0.00756,2.26,0.000,0.0132,0.0209,0.0341,9.978,8.992,1256.300,0.630,10.860,9.260,44.070,
BA357,October,PB,0,T1,NP,Y,0,0.000,0.395,0.001,,,,,,,,,,,,,,,,341,1.162546816,0.01065,2.08,0.000,0.0163,0.057,0.0733,15.225,9.563,1254.300,0.630,10.850,9.330,43.480,
BA358,October,PB,0,T1,P,Y,0,0.503,0.313,0.001,,,,,,,,,,,,,,,,155,0.965543071,0.07253,1.19,0.000,0.0112,0.001,0.0122,0.372,12.906,1288.100,0.650,9.040,9.180,41.230,
BA359,October,W,0,T1,B,Y,0,0.417,0.326,0.002,,,,,,,,,,,,,,,,2.6,1.852059925,0.01684,1.2,0.051,0.225,0.061,0.286,0.130,9.970,1709.000,0.870,9.100,8.540,14.410,
BA360,October,W,0,T1,N,Y,0,0.308,0.463,0.003,,,,,,,,,,,,,,,,16.8,2.04906367,0.01993,1.84,0.000,0.625,0.531,1.156,128.311,11.908,1705.000,0.870,8.920,8.510,15.270,
BA361,October,W,0,T1,NP,Y,0,0.318,0.411,0.000,,,,,,,,,,,,,,,,13.4,0.965543071,0.10037,1.74,0.000,0.537,0.301,0.838,18.469,10.343,1713.200,0.870,9.180,8.500,15.280,
BA362,October,W,0,T1,P,Y,0,0.334,0.484,0.003,,,,,,,,,,,,,,,,44.2,2.531835206,,1.35,0.171,,,0,0.000,12.843,1702.600,0.870,8.870,8.610,15.070,
BA375,October,0,0,Field,B,0,0,0.438,0.378,0.007,,,,,,,,,,,,,,,,,,,,,,,,,10.316,322.300,0.150,9.080,9.170,-0.080,
BA376,October,0,0,Field,N,0,0,0.453,0.294,0.000,,,,,,,,,,,,,,,,,,,,,,,,,10.191,350.600,0.170,9.050,8.800,-0.070,
BA377,October,0,0,Field,P,0,0,,0.571,,,,,,,,,,,,,,,,,,,,,,,,,,8.180,269.300,0.130,9.280,9.090,-0.090,
BA403,May,E,0,Field,F,Y,Ma_T0_E_Y,0.388,0.725,0.000,0,0,58472.81347,2233.294634,0,0,44.34339525,8.062435501,20.15608875,0,318.4662023,548.245614,0,32.249742,96.74922601,,,,,,,,,,19.866,1659.100,0.840,7.190,8.480,2.680,
BA404,May,PB,0,Field,F,Y,Ma_T0_PB_Y,0.376,0.566,0.002,0,0,50676.43834,4466.589267,0,24638.80289,72.5619195,0,16.124871,0,1201.30289,544.2143963,0,0,104.8116615,4.97,0,0.026736,1.18,0.178,0.3412,0.001,0.3422,0.173,19.866,1659.100,0.840,7.190,8.480,2.680,
BA405,May,W,0,Field,F,Y,Ma_T0_W_Y,0.341,0.590,0.000,0,0,0,13399.7678,0,35418.27915,8.062435501,12.09365325,4.03121775,0,757.868937,358.7783798,0,0,32.249742,4.97,0,0.0396184,1.38,0.182,0.3539,0.7723,1.1262,0.078,19.866,1659.100,0.840,7.190,8.480,2.680,
BA406,May,E,0,Field,F,Z,Ma_T0_E_Z,0.397,0.535,0.000,0,0,0,13399.7678,0,20019.02735,4.03121775,8.062435501,8.062435501,0,302.3413313,322.49742,0,16.124871,8.062435501,4.97,0,,,,,,,,19.866,1659.100,0.840,7.190,8.480,2.680,
BA407,May,PB,0,Field,F,Z,Ma_T0_PB_Z,0.354,0.727,0.000,0,554982.2268,1219699.576,857585.1393,2751.977984,744639.3762,1146.657493,1089.324619,1605.320491,0,5331.957344,8370.599702,0,23965.14161,3267.973856,,,0.15556,1.41,0.416,0.0257,0.001,0.0267,12.888,16.148,1406.700,0.710,7.640,8.570,14.740,
BA408,May,W,0,Field,F,Z,Ma_T0_W_Z,0.348,0.633,0.000,0,535161.433,0,367536.4883,21229.54445,408300.1622,442.282176,663.423264,552.85272,0,1879.699248,4828.247088,0,515.995872,3685.6848,,,0.139457,1.66,0.506,0.1349,0.001,0.1359,2.270,16.148,1406.700,0.710,7.640,8.570,14.740,
BA409,May,E,0,T0,B,-,Ma_T0_E_-,0.411,0.571,0.000,1205771.782,538404.8356,0,428792.5697,0,1464248.857,995.1348961,552.85272,700.280112,0,2027.12664,5786.525136,0,921.4212001,3317.11632,,,0.1781042,1.65,0.484,0.1362,0.001,0.1372,2.872,16.148,1406.700,0.710,7.640,8.570,14.740,
BA410,May,E,0,T0,N,-,Ma_T0_E_-,0.318,2.373,0.000,0,908152.7348,0,821852.4252,85139.31889,788441.6925,838.4932921,1418.988648,1547.987616,0,4063.467492,10835.91331,0,2063.983488,5030.959752,,,,,,,,,,16.148,1406.700,0.710,7.640,8.570,14.740,
BA411,May,E,0,T0,NP,-,Ma_T0_E_-,0.349,0.595,0.000,0,0,0,11166.47317,0,12319.40144,52.40583075,12.09365325,4.03121775,0,471.6524768,209.623323,0,0,60.46826625,,,,,,,,,,17.012,1421.500,0.850,7.570,8.540,2.360,
BA412,May,E,0,T0,P,-,Ma_T0_E_-,0.433,0.850,0.019,0,7804.437564,0,0,0,0,0,4.03121775,0,0,262.0291538,141.0926213,0,0,16.124871,5.02,0,,,,,,,,17.012,1421.500,0.850,7.570,8.540,2.360,
BA413,May,PB,0,T0,B,-,Ma_T0_PB_-,0.383,0.469,0.001,0,0,0,0,0,33878.35397,16.124871,16.124871,4.03121775,0,403.121775,88.68679051,0,0,8.062435501,5.02,0,0.026736,1.09,0.156,0.2671,0.001,0.2681,0.221,17.012,1421.500,0.850,7.570,8.540,2.360,
BA414,May,PB,0,T0,N,-,Ma_T0_PB_-,0.556,0.824,0.000,0,0,0,11166.47317,0,30798.50361,20.15608875,20.15608875,0,0,189.4672343,96.74922601,0,0,44.34339525,,,,,,,,,,17.012,1421.500,0.850,7.570,8.540,2.360,
BA439,May,PB,0,T1,NP,Y,Ma_T1_PB_NP_Y,0.449,0.395,0.000,0,0,0,10118.99869,219.1840872,551211.4487,27.3980109,0,0,0,1127.884782,305.9444551,0,0,73.06136241,56.7454,0.0012,0.0319541,0.98,0.122,0.0874,0.001,0.0884,6.120,20.147,1624.200,0.820,6.980,8.640,1.920,
BA440,May,PB,0,T1,P,Y,Ma_T1_PB_P_Y,0.419,0.491,0.002,0,9223.426213,0,0,0,243308.1785,24.1873065,20.15608875,20.15608875,0,552.2768318,330.5598555,0,0,64.499484,13.5108,0.0042,,1.12,0.156,,,0,0.000,20.300,664.400,0.320,6.930,8.640,2.090,
BA441,May,W,0,T1,B,Y,Ma_T1_W_B_Y,0.367,0.572,0.026,0,0,0,2233.294634,0,352642.8664,16.124871,68.53070175,24.1873065,0,673.2133643,302.3413313,0,0,36.28095975,8.1,0.0071,0.0007265,1.21,0.107,0.3091,0.001,0.3101,0.005,19.120,1078.800,0.540,7.210,8.700,2.200,
BA442,May,W,0,T1,N,Y,Ma_T1_W_N_Y,0.473,1.230,0.025,0,0,0,0,0,220195.4276,27.89166876,55.78333752,46.4861146,0,1180.747311,855.3445086,0,37.18889168,92.9722292,22.2297,0.0021,0.0007265,1.1,0.198,0.0641,0.001,0.0651,198.225,19.467,1611.200,0.820,7.110,8.690,2.170,
BA444,May,W,0,T1,P,Y,Ma_T1_W_P_Y,0.549,0.676,0.092,0,3078637.771,0,1200619.195,0,3784520.124,2063.983488,2579.97936,1547.987616,0,4850.361197,15995.87203,0,2063.983488,6191.950464,16.213,0.0039,0.0460596,2.14,0.573,0.0226,0.001,0.0236,1.133,22.127,1454.400,0.730,7.110,8.850,10.530,
BA445,May,E,0,T1,B,Z,Ma_T1_E_B_Z,0.001,0.540,0.088,0,3859649.123,0,571723.4262,9287.925697,1084107.327,773.993808,2063.983488,773.993808,0,3611.971104,13415.89267,0,5675.954592,4385.964912,54.0432,0.0057,0.0396184,2.12,0.584,0.0862,0.001,0.0872,1.005,22.481,1431.900,0.720,6.770,8.840,10.210,
BA446,May,E,0,T1,N,Z,Ma_T1_E_N_Z,0.001,0.660,0.103,0,1245466.608,6985552.116,326699.1007,0,1098186.643,2653.693056,1990.269792,958.2780481,0,3538.257408,7223.942208,0,2948.54784,3390.830016,54.0432,0.0143,0.01104716,1.6,0.447,0.0284,0.001,0.0294,5.887,22.488,1015.300,0.500,7.040,8.760,10.690,
BA447,May,E,0,T1,NP,Z,Ma_T1_E_NP_Z,0.001,0.441,0.088,181703.1089,0,0,6699.883901,193.498452,127813.79,32.249742,36.28095975,40.3121775,0,322.49742,270.0915893,0,0,72.5619195,40.5324,0.0021,0.0241472,0.95,0.122,0.1224,1.0345,1.1569,105.984,20.445,1185.800,0.590,7.040,8.520,1.820,
BA448,May,E,0,T1,P,Z,Ma_T1_E_P_Z,0.001,0.680,0.047,0,0,0,0,0,309524.9613,20.15608875,12.09365325,4.03121775,0,314.4349845,249.9355005,0,0,0,16.21,0.0075,0.0579771,1.16,0.103,0.2606,0.001,0.2616,9.981,18.161,1646.800,0.840,7.410,8.520,2.080,
BA449,May,PB,0,T1,B,Z,Ma_T1_PB_B_Z,0.383,0.775,0.071,0,24450.26594,0,0,0,271405.8903,91.29157736,15.87679606,11.90759705,0,619.1950464,452.4886878,0,0,0,24.3194,0.0016,0.0551492,1.16,0.133,0.3264,0.001,0.3274,0.373,19.924,1017.400,0.500,7.040,8.600,2.030,
BA450,May,PB,0,T1,N,Z,Ma_T1_PB_N_Z,0.556,0.824,0.001,,,,,,,,,,,,,,,,13.5108,0.002,,0,0.000,,,0,0.000,22.487,985.100,0.490,7.090,8.830,9.900,
BA451,May,PB,0,T1,NP,Z,Ma_T1_PB_NP_Z,0.000,0.792,0.054,0,3547.47162,0,2233.294634,0,137053.3411,0,32.249742,8.062435501,0,919.1176471,133.0301858,0,0,28.21852425,81.0648,0.0025,0.0163403,0.99,0.129,0.1106,0.001,0.1116,15.108,17.053,1018.600,0.510,8.080,8.660,1.990,
BA452,May,PB,0,T1,P,Z,Ma_T1_PB_P_Z,0.000,0.948,0.064,0,12416.15067,0,0,0,163232.0691,8.062435501,12.09365325,16.124871,0,600.6514448,173.3423633,0,0,48.374613,13.5108,0.0026,0.013738,1.22,0.133,0.2887,0.001,0.2897,46.649,19.633,1588.800,0.800,7.010,8.610,2.040,
BA453,May,W,0,T1,B,Z,Ma_T1_W_B_Z,0.000,0.524,0.091,0,0,0,2233.294634,0,135513.4159,52.40583075,32.249742,40.3121775,0,499.871001,145.123839,0,0,32.249742,8.05,0.003,0.0007265,1.34,0.141,0.2697,0.001,0.2707,0.006,20.165,1651.000,0.840,6.990,8.530,1.870,
BA455,May,W,0,T1,NP,Z,Ma_T1_W_NP_Z,0.294,1.617,0.113,0,777605.7792,0,250128.999,10835.91331,1194981.94,967.4922601,677.244582,644.99484,0,2128.482972,0,0,644.99484,2096.23323,8.205,0.0263,0.091807,1.56,0.439,0.0194,0.001,0.0204,0.492,20.895,1650.800,0.840,6.770,8.590,1.780,
BA456,May,W,0,T1,P,Z,Ma_T1_W_P_Z,0.000,0.522,0.113,0,2134158.927,0,857585.1393,34674.9226,2483591.331,722.3942208,2167.182663,1135.190918,0,5675.954592,19298.24561,0,5469.556244,7533.539732,32.4259,0.0378,0.0735909,1.72,0.481,0.0216,0.001,0.0226,0.679,22.333,926.700,0.470,7.530,8.830,10.790,
BA457,May,PB,0,T1,NP,Y,MY_T1_PB_NP_Y,,0.411,0.054,,,,,,,,,,,,,,,,,,,,,,,,,22.624,1442.700,0.720,7.050,8.840,10.210,
BA458,May,PB,0,T1,P,Y,MY_T1_PB_P_Y,,0.948,0.005,,,,,,,,,,,,,,,,,,,,,,,,,22.566,1446.300,0.730,6.950,8.770,10.750,
BA459,May,W,0,T1,B,Y,MY_T1_W_B_Y,,2.271,0.134,,,,,,,,,,,,,,,,,,0.0423633,0.97,0.206,0.1265,0.001,0.1275,0.735,16.417,1642.300,0.830,7.620,8.550,1.960,
BA460,May,W,0,T1,N,Y,MY_T1_W_N_Y,0.000,2.024,0.070,,,,,,,,,,,,,,,,,,,,,,,,,20.200,1642.300,0.830,6.920,8.520,1.760,
BA461,May,W,0,T1,NP,Y,MY_T1_W_NP_Y,0.000,0.318,0.069,,,,,,,,,,,,,,,,,,,,,,,,,21.277,761.500,0.370,6.780,8.600,1.800,
BA462,May,W,0,T1,P,Y,MY_T1_W_P_Y,,0.666,0.092,,,,,,,,,,,,,,,,,,,,,,,,,19.754,1636.300,0.830,7.020,8.620,1.960,
BA631,May,E,high,T2,N,1,0,,0.265,0.099,0,4966.460268,0,0,0,63136.9324,0,4.03121775,8.062435501,0,249.9355005,330.5598555,0,0,0,,,,,,,,,,21.546,2078.900,1.050,6.710,8.030,0.470,
BA632,May,E,high,T2,N,2,0,,0.871,0.114,,,,,,,,,,,,,,,,,,,,,,,,,21.352,2563.200,1.330,6.720,8.650,0.960,
BA634,May,E,high,T2,P,1,0,,0.756,0.084,0,0,0,0,0,120114.1641,0,8.062435501,12.09365325,0,395.0593395,274.122807,0,0,0,,,,,,,,,,21.432,1112.700,0.550,6.750,8.690,-0.190,
BA635,May,E,high,T2,P,2,0,,1.014,0.081,,,,,,,,,,,,,,,,,,,,,,,,,21.258,1217.800,0.610,6.750,8.760,-0.100,
BA637,May,E,high,T2,NP,1,0,,0.442,0.083,0,0,0,0,0,123194.0144,0,8.062435501,16.124871,0,431.3402993,282.1852425,0,0,8.062435501,,,,,,,,,,20.697,1774.800,0.900,6.840,8.770,0.010,
BA638,May,E,high,T2,NP,2,0,,0.656,0.057,0,0,0,0,0,9239.551084,0,0,8.062435501,0,266.0603715,100.7804438,0,0,0,,,,,,,,,,21.202,1179.000,0.590,6.740,8.660,-0.170,
BA640,May,E,medium,T2,N,1,0,,0.518,0.000,0,0,0,0,96.74922601,113954.4634,0,12.09365325,12.09365325,0,262.0291538,116.9053148,0,0,0,,,,,,,,,,21.311,1122.100,0.560,6.730,8.570,-0.220,
BA641,May,E,medium,T2,N,2,0,,0.603,0.000,,,,,,,,,,,,,,,,,,,,,,,,,21.218,1246.000,0.620,6.770,8.200,-0.340,
BA643,May,E,medium,T2,P,1,0,,0.300,0.030,0,8513.931889,0,2233.294634,0,161692.144,4.03121775,44.34339525,36.28095975,4.03121775,528.0895253,241.873065,0,0,40.3121775,,,,,,,,,,21.045,638.100,0.310,6.800,8.660,-0.100,
BA644,May,E,medium,T2,P,2,0,,0.000,0.000,0,0,0,0,0,40038.0547,0,24.1873065,16.124871,8.062435501,366.8408153,165.2799278,0,0,24.1873065,,,,,,,,,,19.567,1398.000,0.700,6.900,8.560,3.950,
BA646,May,E,medium,T2,NP,1,0,,0.389,0.000,0,0,0,0,0,274106.6821,8.062435501,40.3121775,32.249742,16.124871,366.8408153,124.9677503,0,0,16.124871,,,,,,,,,,21.319,1271.100,0.630,6.760,8.580,2.200,
BA647,May,E,medium,T2,NP,2,0,,0.430,0.000,0,0,0,2233.294634,0,200190.2735,0,8.062435501,8.062435501,20.15608875,342.6535088,137.0614035,0,0,0,,,,,,,,,,21.449,1306.500,0.650,6.710,8.460,0.530,
BA649,May,E,low,T2,N,1,0,,0.373,0.000,0,0,0,0,0,27718.65325,0,24.1873065,8.062435501,0,294.2788958,153.1862745,0,0,0,,,,,,,,,,21.483,2013.700,1.030,6.750,8.730,3.270,
BA650,May,E,low,T2,N,2,0,,0.513,0.000,0,0,0,0,0,183251.0965,0,68.53070175,36.28095975,12.09365325,640.9636223,153.1862745,0,0,96.74922601,,,,,,,,,,21.458,984.800,0.490,6.740,8.660,-0.110,
BA658,May,E,ambient,T2,Control,1,0,,0.096,0.000,0,0,0,2233.294634,0,87775.73529,0,0,4.03121775,8.062435501,346.6847265,124.9677503,0,0,0,,,0.00714,0,5.641,0.111,0.001,0.112,0.141,,,,,,,
BA659,May,E,ambient,T2,Control,2,0,,0.307,0.000,0,0,0,0,0,152452.5929,0,16.124871,24.1873065,32.249742,773.993808,443.4339525,0,0,24.1873065,,,0.00714,0,0.048,0.147,0.015,0.162,0.097,21.418,1181.100,0.590,6.730,8.440,2.500,
BA661,May,E,high,T5,N,1,0,,0.402,0.050,0,3902.218782,0,8933.178535,0,317224.5872,0,36.28095975,0,28.21852425,447.4651703,161.24871,0,0,0,,,,,,,,,,19.067,1782.500,0.910,7.290,8.780,-0.410,
BA662,May,E,high,T5,N,2,0,,0.282,0.004,0,0,0,0,0,352642.8664,0,4.03121775,0,0,108.8428793,177.373581,0,0,8.062435501,,,,,,,,,,18.245,1768.900,0.900,7.420,8.750,-0.190,
BA664,May,E,high,T5,P,1,0,,0.579,0.000,0,0,0,0,0,106254.8375,0,12.09365325,4.03121775,4.03121775,326.5286378,249.9355005,0,0,0,,,,,,,,,,0.000,0.000,0.000,0.000,0.000,0.000,
BA665,May,E,high,T5,P,2,0,0.210,0.238,0.000,,,,,,,,,,,,,,,,,,,,,,,,,21.815,1116.800,0.550,6.760,8.650,-0.060,
BA667,May,E,high,T5,NP,1,0,0.424,0.284,0.000,0,34055.72755,0,0,0,213536.2917,12.8998968,51.5995872,25.7997936,0,623.495012,408.496732,0,0,718.0942552,,,,,,,,,,18.374,1070.300,0.550,7.350,8.970,0.690,
BA668,May,E,high,T5,NP,2,0,0.265,,0.027,,,,,,,,,,,,,,,,,,,,,,,,,18.863,1088.900,0.540,7.260,8.750,0.060,
BA670,May,E,medium,T5,N,1,0,0.378,0.419,0.000,0,10642.41486,31185.50052,20099.6517,0,263327.2059,0,0,20.15608875,0,245.9042828,334.5910733,0,0,8.062435501,,,,,,,,,,21.484,735.400,0.360,6.860,8.560,-0.240,
BA671,May,E,medium,T5,N,2,0,0.224,0.353,0.061,,,,,,,,,,,,,,,,,,,,,,,,,21.297,1102.100,0.550,6.710,8.430,0.140,
BA673,May,E,medium,T5,P,1,0,0.308,0.606,0.021,0,29089.26729,0,20099.6517,0,0,0,0,0,0,342.6535088,44.34339525,0,0,0,,,,,,,,,,27.098,1484.900,0.740,6.190,8.570,-1.020,
BA674,May,E,medium,T5,P,2,0,0.271,0.361,0.000,0,0,15592.75026,11166.47317,0,55437.3065,0,8.062435501,20.15608875,0,233.8106295,318.4662023,0,0,8.062435501,,,,,,,,,,21.569,1199.300,0.600,6.650,8.290,0.220,
BA676,May,E,medium,T5,NP,1,0,0.350,0.834,0.018,0,0,0,13399.7678,0,0,0,4.03121775,8.062435501,0,177.373581,28.21852425,0,0,0,,,,,,,,,,21.342,2899.800,1.520,6.720,8.080,-0.850,
BA677,May,E,medium,T5,NP,2,0,0.307,0.443,0.005,0,38069.02878,196563.1548,37537.39667,0,119460.8625,0,10.42415903,41.69663612,0,813.0844044,734.9032117,0,0,26.06039758,,,,,,,,,,27.192,1737.500,0.870,6.180,8.770,0.100,
BA679,May,E,low,T5,N,1,0,0.242,0.431,0.000,0,0,0,2233.294634,0,15399.25181,0,0,0,0,56.4370485,48.374613,0,0,0,,,,,,,,,,21.522,1093.500,0.550,6.680,8.470,0.130,
BA680,May,E,low,T5,N,2,0,0.272,0.505,0.025,0,0,0,0,0,100095.1367,0,0,0,0,270.0915893,124.9677503,0,0,0,,,,,,,,,,,,,,,,
BA688,May,E,ambient,T5,Control,1,0,0.311,0.281,0.000,,,,,,,,,,,,,,,,,,0.010235,0,0.048,0.091,0.001,0.092,0.246,21.582,1388.700,0.720,6.670,8.360,2.160,
BA689,May,E,ambient,T5,Control,2,0,0.224,0.317,0.000,,,,,,,,,,,,,,,,,,0.01333,0,0.051,0.106,0.001,0.107,0.276,21.647,1737.600,0.880,6.690,8.470,1.760,
BA739,June,E,0,T1,B,X,0,0.323,0.434,0.001,0,0,0,2233.294634,0,272566.757,76.59313725,28.21852425,0,12.09365325,556.3080495,225.748194,0,12.09365325,16.124871,9.32,0.0018,0.0097,0,0.065,0.1227,0.001,0.1237,0.173,21.211,1579.100,0.800,6.760,8.510,2.290,
BA740,June,E,0,T1,N,X,0,0.320,0.586,0.003,0,40065.56183,1056638.135,0,59005.6456,1681235.962,182.1161901,91.05809506,242.8215868,0,3399.502216,1274.813331,0,0,1092.697141,39.59,0.0004,0.00367,0,0.079,0.1853,0.001,0.1863,112.295,21.175,1506.800,0.760,6.720,8.540,3.210,
BA741,June,E,0,T1,NP,X,0,0.254,0.485,0.001,0,133195.7344,3027072.583,19057.44754,0,617612.6591,481.5961472,137.5988992,171.998624,137.5988992,3457.172343,1375.988992,0,0,601.995184,46.81,0.0014,0.00668,0,0.167,0.008,0.001,0.009,2.980,21.215,1499.300,0.760,6.690,8.540,3.440,
BA742,June,E,0,T1,P,X,0,0.420,0.353,0.001,0,117011.987,3550349.29,21989.36255,0,629237.1199,198.4599508,99.22997539,119.0759705,59.53798523,4247.042947,893.0697785,0,39.69199016,436.6118917,22.51,0.0004,0.00668,0,0.128,0.0125,0.001,0.0135,4.471,21.239,1503.900,0.760,6.740,8.550,3.020,
BA743,June,PB,0,T1,B,X,0,0.282,0.479,0.008,0,847609.2191,15523449.15,95287.2377,2751.977984,832244.0087,3267.973856,401.3301227,515.995872,114.6657493,4815.961472,5102.625846,0,229.3314987,3267.973856,30.41,0.0013,0.03683,0,0.282,0.0137,0.001,0.0147,5.542,21.256,1299.700,0.650,6.610,8.830,18.220,
BA744,June,PB,0,T1,N,X,0,0.290,0.299,0.045,0,4298589.611,36757309.94,381148.9508,0,2036807.706,4299.9656,687.994496,515.995872,0,10491.91606,10147.91882,0,3095.975232,687.994496,54.49,0.0021,0.0097,0,0.430,0.1883,0.001,0.1893,43.171,21.406,1211.200,0.600,6.750,9.020,10.460,
BA745,June,PB,0,T1,NP,X,0,0.332,0.435,0.027,0,4480220.158,50229446.16,0,37151.70279,1905400.757,9459.924321,1031.991744,2579.97936,0,6707.946336,9975.920193,0,1375.988992,6707.946336,59.95,0.0019,0.0097,0,0.329,0.2004,0.001,0.2014,45.930,21.425,1196.600,0.600,6.730,9.010,10.030,
BA746,June,PB,0,T1,P,X,0,0.278,0.166,0.053,0,5062951.496,81581269.35,142930.8566,185758.5139,689886.4809,4643.962848,773.993808,773.993808,0,2063.983488,8255.933953,0,1031.991744,2579.97936,46.41,0.0018,0.00668,0,0.294,,,0,0.000,21.422,905.300,0.450,6.660,8.900,10.090,
BA747,June,W,0,T1,B,X,0,0.232,0.001,0.006,0,16729.12932,0,15045.35332,0,689886.4809,325.8921297,122.2095486,54.31535495,122.2095486,3245.342458,2199.771876,0,0,475.2593558,20.83,0.0038,0.00065,0.92,0.152,0.0481,0.001,0.0491,0.029,21.119,496.300,0.240,6.790,8.470,2.030,
BA748,June,W,0,T1,N,X,0,0.321,0.001,0.001,0,36998.81512,0,0,0,401521.2323,95.55479112,76.44383289,47.77739556,162.4431449,2618.201277,1242.212285,0,0,410.8856018,18.71,0.0005,0.00668,1.17,0.149,0.2924,0.001,0.2934,97.162,21.059,1587.800,0.800,6.810,8.480,2.340,
BA749,June,W,0,T1,NP,X,0,0.300,0.001,0.001,0,36578.37404,0,0,0,684411.1914,114.6657493,128.998968,42.999656,157.6654053,5073.959408,1246.990024,0,0,0,14.07,0.0009,0.01271,1.23,0.198,,,0,0.000,21.057,1578.500,0.800,6.810,8.540,2.390,
BA750,June,W,0,T1,P,X,0,0.411,0.001,0.001,0,69857.90268,1202640.84,7329.787516,0,202164.5365,66.15331693,26.46132677,264.6132677,0,3916.276362,1323.066339,0,0,211.6906142,17.12,0.0006,0.00367,0.91,0.160,0.0292,0.001,0.0302,18.203,21.139,269.300,0.130,6.810,8.520,2.560,
BA751,June,E,0,T1,B,Y,0,0.000,0.326,0.001,0,15608.87513,109149.2518,8933.178535,0,160152.2188,185.4360165,72.5619195,161.24871,8.062435501,2257.48194,1402.863777,0,0,64.499484,8.13,0.0008,0.00668,0,0.107,0.1329,0.001,0.1339,0.110,21.302,1575.600,0.840,6.730,8.530,2.250,
BA752,June,E,0,T1,N,Y,0,0.000,0.472,0.001,0,330827.0677,6344021.819,0,13268.46528,563172.6375,147.427392,184.28424,368.56848,73.713696,4164.823824,2248.267728,0,589.709568,1547.987616,56.23,0.0004,0.00668,0,0.082,,,0,0.000,21.271,1521.200,0.770,6.740,8.550,3.340,
BA753,June,E,0,T1,NP,Y,0,0.000,0.321,0.001,0,1120055.04,10644650.84,63524.82513,0,766540.5343,458.6629974,286.6643734,630.6616214,57.33287467,5847.953216,3210.640982,0,0,458.6629974,54.27,0.0014,0.00668,0,0.135,0.016,0.001,0.017,5.630,21.284,1522.500,0.770,6.640,8.550,3.480,
BA754,June,E,0,T1,P,Y,0,0.000,0.236,0.013,0,2788028.896,21555417.96,57172.34262,0,473065.0155,1754.385965,515.995872,928.7925697,206.3983488,6501.547988,4437.564499,0,0,1651.186791,49.7,0.001,0.01271,0,0.133,0.1894,0.001,0.1904,33.139,21.242,944.300,0.470,6.690,8.540,3.360,
BA755,June,PB,0,T1,B,Y,0,0.000,0.263,0.001,0,2588235.294,81830753.35,285861.7131,61919.50464,1182662.539,11609.90712,515.995872,2579.97936,257.997936,12641.89886,0,0,0,5933.952528,47.17,0.001,0.0097,0,0.365,0.0174,0.001,0.0184,1.166,21.537,826.800,0.410,6.610,8.890,10.750,
BA756,June,PB,0,T1,N,Y,0,0.000,0.443,0.004,0,3155830.753,89564757.48,142930.8566,136222.9102,1576883.385,1805.985552,1031.991744,3095.975232,257.997936,2063.983488,12125.90299,0,2063.983488,4127.966976,58.29,0.0028,0.0097,0,0.260,0.212,0.001,0.213,48.576,21.401,1202.200,0.600,6.770,9.020,9.620,
BA757,June,PB,0,T1,NP,Y,0,0.000,0.403,0.001,5001719.986,1331957.344,68025971.79,95287.2377,46439.62848,2431028.552,4987.960096,1203.990368,1547.987616,0,2923.976608,9287.925697,0,0,6363.949088,52.51,0.0009,0.0097,0,0.259,0.0141,0.001,0.0151,3.444,21.319,1216.300,0.610,6.740,9.030,9.750,
BA758,June,PB,0,T1,P,Y,0,0.000,0.432,0.008,4626590.987,4661850.705,47568283.45,0,47471.62023,3285173.719,3955.968352,859.9931201,1719.98624,0,3439.97248,6019.95184,0,1375.988992,10835.91331,40.54,0.002,0.0097,0,0.254,,,0,0.000,21.269,1229.800,0.610,6.750,8.900,10.150,
BA759,June,W,0,T1,B,Y,0,0.306,0.001,0.013,0,23006.53595,0,11434.46852,0,228648.0908,55.03955968,48.15961472,96.31922945,96.31922945,1953.904369,798.0736154,0,0,165.1186791,21.02,0.0011,0.00367,0,0.160,0.0534,0.001,0.0544,0.149,21.095,913.600,0.450,6.820,8.470,2.030,
BA760,June,W,0,T1,N,Y,0,0.338,0.001,0.022,0,0,96292.07177,25075.58887,0,497963.1742,117.6832691,72.42047327,99.57815074,135.7883874,2688.61007,1421.251788,0,0,217.2614198,17.18,0.0014,0.00668,0,0.158,0.2701,0.001,0.2711,89.777,21.043,1580.600,0.800,6.830,8.480,2.260,
BA761,June,W,0,T1,NP,Y,0,0.374,0.001,0.007,0,0,450049.5761,5605.13163,0,255084.077,151.7634918,40.47026447,70.82296283,70.82296283,2822.800947,1335.518728,0,242.8215868,343.997248,27.34,0.0056,0.00668,0,0.075,0.2255,0.001,0.2265,75.008,21.111,1585.400,0.800,6.770,8.520,2.560,
BA762,June,W,0,T1,P,Y,0,0.314,0.001,0.003,0,57791.53767,884534.1965,12993.71423,0,358382.5875,363.5425462,105.5446102,82.09025237,70.36307346,2310.254245,1301.716859,0,0,281.4522938,25.21,0.0019,0.00668,0,0.079,0.0109,0.001,0.0119,3.941,20.967,946.000,0.470,6.880,8.510,2.370,
BA809,June,E,0,T1,B,X,0,,0.279,0.000,,,,,,,,,,,,,,,,,,,0,0.304,,,0,0.000,,,,,,,
BA810,June,E,0,T1,N,X,0,,0.428,0.000,,,,,,,,,,,,,,,,,,,,,,,,,,,,,,,
BA811,June,E,0,T1,NP,X,0,,0.449,0.000,,,,,,,,,,,,,,,,,,,,,,,,,,,,,,,
BA812,June,E,0,T1,P,X,0,,1.599,,,,,,,,,,,,,,,,,,,,,,,,,,,,,,,,
BA813,June,PB,0,T1,B,X,0,,0.266,0.000,,,,,,,,,,,,,,,,,,0.0089,0,0.115,0.0124,0.001,0.0134,1.469,,,,,,,
BA814,June,PB,0,T1,N,X,0,,0.257,0.001,,,,,,,,,,,,,,,,,,,,,,,,,,,,,,,
BA815,June,PB,0,T1,NP,X,0,,0.335,0.000,,,,,,,,,,,,,,,,,,,,,,,,,,,,,,,
BA816,June,PB,0,T1,P,X,0,,0.350,0.000,,,,,,,,,,,,,,,,,,,,,,,,,,,,,,,
BA817,June,W,0,T1,B,X,0,0.363,,0.033,,,,,,,,,,,,,,,,,,0.00263,0,0.075,0.0327,0.001,0.0337,0.173,,,,,,,
BA818,June,W,0,T1,N,X,0,0.349,,0.005,,,,,,,,,,,,,,,,,,,,,,,,,,,,,,,
BA819,June,W,0,T1,NP,X,0,0.261,,0.007,,,,,,,,,,,,,,,,,,,,,,,,,,,,,,,
BA820,June,W,0,T1,P,X,0,0.313,,0.000,,,,,,,,,,,,,,,,,,,,,,,,,,,,,,,
